materiale, A_amp, err_A_amp, A_fase, err_A_fase, Q_amp, err_Q_amp, Q_fase, err_Q_fase, v0_amp, err_v0_amp, v0_fase, err_v0_fase
libero, 1.37897, 0.0575662, 1.41795, 2.5653, 2.30648, 0.0289286, 2.48019, 4.11457, 3336.23, 23.2753, 3334.95, 10.4785
materiale1, 4, 0.00689832, 1.63818, 0.872039, 5.73407, 0.0774727, 2.06948, 1.10538, 2153.77, 11.0378, 2382.41, 8.5798
materiale2, 1.76723, 0.103223, 1.17298, 3.34855, 3.75481, 0.0561241, 2.94728, 7.39005, 3549.12, 19.3217, 3568.82, 9.92904
