materiale, A_amp, err_A_amp, A_fase, err_A_fase, Q_amp, err_Q_amp, Q_fase, err_Q_fase, v0_amp, err_v0_amp, v0_fase, err_v0_fase
libero, 1.3687, 0.0579392, 0.781835, 1.46031, 2.33618, 0.0347197, 1.84692, 1.72013, 3312.3, 24.0271, 3333.65, 5.82783
materiale1, 8.90042, 0.417672, 1.11898, 1.31559, 5.13357, 0.0921368, 1.75394, 1.03, 2290.53, 18.7353, 2382.61, 4.53034
materiale2, 1.76722, 0.103269, 1.10577, 3.05543, 3.75482, 0.0561269, 2.85935, 3.91351, 3549.11, 19.3216, 3570.98, 5.65126
