materiale, A_amp, err_A_amp, A_fase, err_A_fase, Q_amp, err_Q_amp, Q_fase, err_Q_fase, v0_amp, err_v0_amp, v0_fase, err_v0_fase
libero, 1.3687, 0.0579387, 1.41246, 2.54391, 2.33617, 0.0347189, 2.48244, 2.13704, 3312.32, 24.0274, 3333.64, 5.82777
materiale1, 8.90046, 0.417675, 1.20883, 1.37483, 5.13356, 0.0921301, 1.823, 1.02425, 2290.53, 18.7353, 2382.61, 4.53033
materiale2, 1.76723, 0.103269, 1.19914, 2.98938, 3.75482, 0.0561255, 2.97763, 3.31722, 3549.11, 19.3216, 3570.97, 5.65125
